{
  "project_info": {
    "project_number": "310547410090",
    "project_id": "fyp-final-ba858",
    "storage_bucket": "fyp-final-ba858.firebasestorage.app"
  },
  "client": [
    {
      "client_info": {
        "mobilesdk_app_id": "1:310547410090:android:752131004f614dc474b4d3",
        "android_client_info": {
          "package_name": "com.example.safetybuddyapp"
        }
      },
      "oauth_client": [],
      "api_key": [
        {
          "current_key": "AIzaSyAK17Xh_Teor1OwfSMSw3orDvma4fy92ks"
        }
      ],
      "services": {
        "appinvite_service": {
          "other_platform_oauth_client": []
        }
      }
    }
  ],
  "configuration_version": "1"
}